"backend_name","op_name","op_params","test_mode","supported","error_message","backend_reg_name"
"Vulkan0","MUL_MAT","type_a=f16,type_b=f32,m=16416,n=1,k=128,bs=[8,1],nr=[4,1],per=[0,2,1,3],k_v=0,o=1,src_overlap=0,m_v=0,pad=0","perf","1","",""
"Vulkan0","MUL_MAT","type_a=f16,type_b=f32,m=128,n=1,k=16416,bs=[8,1],nr=[4,1],per=[0,1,2,3],k_v=32832,o=1,src_overlap=0,m_v=0,pad=0","perf","1","",""
"Vulkan0","MUL_MAT","type_a=f32,type_b=f32,m=4096,n=1,k=14336,bs=[1,1],nr=[1,1],per=[0,1,2,3],k_v=0,o=1,src_overlap=0,m_v=0,pad=0","perf","1","",""
"Vulkan0","MUL_MAT","type_a=f16,type_b=f32,m=4096,n=1,k=14336,bs=[1,1],nr=[1,1],per=[0,1,2,3],k_v=0,o=1,src_overlap=0,m_v=0,pad=0","perf","1","",""
"Vulkan0","MUL_MAT","type_a=bf16,type_b=f32,m=4096,n=1,k=14336,bs=[1,1],nr=[1,1],per=[0,1,2,3],k_v=0,o=1,src_overlap=0,m_v=0,pad=0","perf","1","",""
"Vulkan0","MUL_MAT","type_a=q4_0,type_b=f32,m=4096,n=1,k=14336,bs=[1,1],nr=[1,1],per=[0,1,2,3],k_v=0,o=1,src_overlap=0,m_v=0,pad=0","perf","1","",""
"Vulkan0","MUL_MAT","type_a=q4_1,type_b=f32,m=4096,n=1,k=14336,bs=[1,1],nr=[1,1],per=[0,1,2,3],k_v=0,o=1,src_overlap=0,m_v=0,pad=0","perf","1","",""
"Vulkan0","MUL_MAT","type_a=q5_0,type_b=f32,m=4096,n=1,k=14336,bs=[1,1],nr=[1,1],per=[0,1,2,3],k_v=0,o=1,src_overlap=0,m_v=0,pad=0","perf","1","",""
"Vulkan0","MUL_MAT","type_a=q5_1,type_b=f32,m=4096,n=1,k=14336,bs=[1,1],nr=[1,1],per=[0,1,2,3],k_v=0,o=1,src_overlap=0,m_v=0,pad=0","perf","1","",""
"Vulkan0","MUL_MAT","type_a=q8_0,type_b=f32,m=4096,n=1,k=14336,bs=[1,1],nr=[1,1],per=[0,1,2,3],k_v=0,o=1,src_overlap=0,m_v=0,pad=0","perf","1","",""
"Vulkan0","MUL_MAT","type_a=q1_0,type_b=f32,m=4096,n=1,k=14336,bs=[1,1],nr=[1,1],per=[0,1,2,3],k_v=0,o=1,src_overlap=0,m_v=0,pad=0","perf","1","",""
"Vulkan0","MUL_MAT","type_a=q2_0,type_b=f32,m=4096,n=1,k=14336,bs=[1,1],nr=[1,1],per=[0,1,2,3],k_v=0,o=1,src_overlap=0,m_v=0,pad=0","perf","1","",""
"Vulkan0","MUL_MAT","type_a=mxfp4,type_b=f32,m=4096,n=1,k=14336,bs=[1,1],nr=[1,1],per=[0,1,2,3],k_v=0,o=1,src_overlap=0,m_v=0,pad=0","perf","1","",""
"Vulkan0","MUL_MAT","type_a=nvfp4,type_b=f32,m=4096,n=1,k=14336,bs=[1,1],nr=[1,1],per=[0,1,2,3],k_v=0,o=1,src_overlap=0,m_v=0,pad=0","perf","1","",""
"Vulkan0","MUL_MAT","type_a=q2_K,type_b=f32,m=4096,n=1,k=14336,bs=[1,1],nr=[1,1],per=[0,1,2,3],k_v=0,o=1,src_overlap=0,m_v=0,pad=0","perf","1","",""
"Vulkan0","MUL_MAT","type_a=q3_K,type_b=f32,m=4096,n=1,k=14336,bs=[1,1],nr=[1,1],per=[0,1,2,3],k_v=0,o=1,src_overlap=0,m_v=0,pad=0","perf","1","",""
"Vulkan0","MUL_MAT","type_a=q4_K,type_b=f32,m=4096,n=1,k=14336,bs=[1,1],nr=[1,1],per=[0,1,2,3],k_v=0,o=1,src_overlap=0,m_v=0,pad=0","perf","1","",""
"Vulkan0","MUL_MAT","type_a=q5_K,type_b=f32,m=4096,n=1,k=14336,bs=[1,1],nr=[1,1],per=[0,1,2,3],k_v=0,o=1,src_overlap=0,m_v=0,pad=0","perf","1","",""
"Vulkan0","MUL_MAT","type_a=q6_K,type_b=f32,m=4096,n=1,k=14336,bs=[1,1],nr=[1,1],per=[0,1,2,3],k_v=0,o=1,src_overlap=0,m_v=0,pad=0","perf","1","",""
"Vulkan0","MUL_MAT","type_a=tq2_0,type_b=f32,m=4096,n=1,k=14336,bs=[1,1],nr=[1,1],per=[0,1,2,3],k_v=0,o=1,src_overlap=0,m_v=0,pad=0","perf","1","",""
"Vulkan0","MUL_MAT","type_a=tq1_0,type_b=f32,m=4096,n=1,k=14336,bs=[1,1],nr=[1,1],per=[0,1,2,3],k_v=0,o=1,src_overlap=0,m_v=0,pad=0","perf","1","",""
"Vulkan0","MUL_MAT","type_a=iq2_xxs,type_b=f32,m=4096,n=1,k=14336,bs=[1,1],nr=[1,1],per=[0,1,2,3],k_v=0,o=1,src_overlap=0,m_v=0,pad=0","perf","1","",""
"Vulkan0","MUL_MAT","type_a=iq2_xs,type_b=f32,m=4096,n=1,k=14336,bs=[1,1],nr=[1,1],per=[0,1,2,3],k_v=0,o=1,src_overlap=0,m_v=0,pad=0","perf","1","",""
"Vulkan0","MUL_MAT","type_a=iq2_s,type_b=f32,m=4096,n=1,k=14336,bs=[1,1],nr=[1,1],per=[0,1,2,3],k_v=0,o=1,src_overlap=0,m_v=0,pad=0","perf","1","",""
"Vulkan0","MUL_MAT","type_a=iq3_xxs,type_b=f32,m=4096,n=1,k=14336,bs=[1,1],nr=[1,1],per=[0,1,2,3],k_v=0,o=1,src_overlap=0,m_v=0,pad=0","perf","1","",""
"Vulkan0","MUL_MAT","type_a=iq1_s,type_b=f32,m=4096,n=1,k=14336,bs=[1,1],nr=[1,1],per=[0,1,2,3],k_v=0,o=1,src_overlap=0,m_v=0,pad=0","perf","1","",""
"Vulkan0","MUL_MAT","type_a=iq1_m,type_b=f32,m=4096,n=1,k=14336,bs=[1,1],nr=[1,1],per=[0,1,2,3],k_v=0,o=1,src_overlap=0,m_v=0,pad=0","perf","1","",""
"Vulkan0","MUL_MAT","type_a=iq4_nl,type_b=f32,m=4096,n=1,k=14336,bs=[1,1],nr=[1,1],per=[0,1,2,3],k_v=0,o=1,src_overlap=0,m_v=0,pad=0","perf","1","",""
"Vulkan0","MUL_MAT","type_a=iq3_s,type_b=f32,m=4096,n=1,k=14336,bs=[1,1],nr=[1,1],per=[0,1,2,3],k_v=0,o=1,src_overlap=0,m_v=0,pad=0","perf","1","",""
"Vulkan0","MUL_MAT","type_a=iq4_xs,type_b=f32,m=4096,n=1,k=14336,bs=[1,1],nr=[1,1],per=[0,1,2,3],k_v=0,o=1,src_overlap=0,m_v=0,pad=0","perf","1","",""
"Vulkan0","MUL_MAT","type_a=q4_K,type_b=f32,m=4096,n=1,k=4096,bs=[1,1],nr=[1,1],per=[0,1,2,3],k_v=0,o=1,src_overlap=0,m_v=0,pad=0","perf","1","",""
"Vulkan0","MUL_MAT","type_a=q4_K,type_b=f32,m=6144,n=1,k=4096,bs=[1,1],nr=[1,1],per=[0,1,2,3],k_v=0,o=1,src_overlap=0,m_v=0,pad=0","perf","1","",""
"Vulkan0","MUL_MAT","type_a=q4_K,type_b=f32,m=6272,n=1,k=4096,bs=[1,1],nr=[1,1],per=[0,1,2,3],k_v=0,o=1,src_overlap=0,m_v=0,pad=0","perf","1","",""
"Vulkan0","MUL_MAT","type_a=q4_K,type_b=f32,m=14336,n=1,k=4096,bs=[1,1],nr=[1,1],per=[0,1,2,3],k_v=0,o=1,src_overlap=0,m_v=0,pad=0","perf","1","",""
